<?xml version="1.0" encoding="utf-8"?>
<extension version="3.4" type="component" method="upgrade">
	<name>HSH RnD Review</name>
	<creationDate>02/29/2016</creationDate>
	<author>Jens Kowal</author>
	<authorEmail>jens.kowal@haag-streit.com</authorEmail>
	<authorUrl>http://me.org</authorUrl>
	<copyright>Copyright (c)2016 Jens Kowal</copyright>
	<license>GNU GPL v3 or later</license>
	<version>0.0.1</version>
	<description>Haag-Streit RnD Project Review Tool.</description>

	<!-- Public front end files -->
	<files folder="frontend">
		<filename>hshrndreview.php</filename>

		<folder>Controller</folder>
		<folder>Model</folder>
		<folder>View</folder>
		<folder>views</folder>
	</files>

	<!-- Front end translation files -->
	<languages folder="language/frontend">
		<language tag="en-GB">en-GB/en-GB.com_hshrndreview.ini</language>
	</languages>

	<!-- SQL query files to execute on installation -->
	<install>
		<sql>
			<file driver="mysql" charset="utf8">sql/install.mysql.utf8.sql</file>
		</sql>
	</install>

	<!-- SQL query files to execute on uninstallation -->
	<uninstall>
		<sql>
			<file driver="mysql" charset="utf8">sql/uninstall.mysql.utf8.sql</file>
		</sql>
	</uninstall>
	
	<!-- Media files -->
	<media destination="com_hshrndreview" folder="media">
		<folder>images</folder>
		<folder>css</folder>
	</media>

	<!-- Administrator back-end section -->
	<administration>
		<!-- Administration menu -->
		<menu view="cpanel">COM_HSHRNDREVIEW</menu>

		<!-- Back-end files -->
		<files folder="backend">
			<folder>sql</folder>
			<folder>View</folder>
			<folder>Model</folder>
			<folder>Controller</folder>
			

			<filename>access.xml</filename>
			<filename>config.xml</filename>
			<filename>fof.xml</filename>
			<filename>index.html</filename>
			<filename>hshrndreview.php</filename>
		</files>

        <!-- Back-end language files -->
         <languages folder="language/backend">
                 <language tag="en-GB">en-GB/en-GB.com_hshrndreview.ini</language>
         </languages>


	</administration>
</extension>
