<?xml version="1.0" encoding="UTF-8"?>
<fof>
	<common>
		<container>
			<!-- Set up the The Factory class which will be used by FOF to determine how much "magic" you want FOF to apply to your component.-->
			<option name="componentNamespace">HSH\HSHRnDReview</option>
			<option name="factoryClass">FOF30\Factory\MagicFactory</option>
			<!-- Auto generate/save the necessary .xml view files and .ini language files for the backend views by reading your database structure (Note: this is only used in step 1)-->
		</container>		
		
		<option name="scaffolding">1</option>
		<option name="saveScaffolding">1</option>
		
		
		<model name="Projects">
        </model>
		<model name="Collaborators">
        </model>
		<model name="Partnerships">
        </model>
	</common>	
	
	<!-- Component back-end options -->
     <backend>
	
		<!-- Set the default view for the component to "Projects" -->
		<dispatcher>
			<option name="defaultView">Statuses</option>
		</dispatcher>	
     </backend>

     <!-- Component front-end options -->
     <frontend>

			<option name="scaffolding">0</option>
			<option name="saveScaffolding">0</option>

	
			<!-- Set up the The Factory class which will be used by FOF to determine how much "magic" you want FOF to apply to your component.-->
			<!--<option name="factoryClass"><![CDATA[FOF30\Factory\BasicFactory]]></option> -->
	
             <!-- Dispatcher options -->
			<dispatcher>
				<option name="defaultView">Projects</option>
			</dispatcher>	

     </frontend>

	
</fof>
